num_empleado,rfc,n_empleado,fecha_nac,direccion,telefono,sueldo_m
1,WTKV176712MRV,Lynnett Mayhead,12-05-1985,9278 Westridge Alley,5276559359,8527.69
2,NERK228343TZB,Tiffie Pinnion,19-11-2000,5 Springview Junction,5303476077,18976.06
3,XTDL932932RDK,Ernesto Ipsgrave,05-10-1994,37517 American Drive,2051520708,24839.35
4,OFJU989217NDX,Conny Beech,30-01-1977,676 Goodland Place,6575417280,24628.25
5,NLAZ549086VLW,Eugenius Buckham,28-06-1961,73853 Upham Crossing,1157281432,21505.4
6,WZGC175426GMV,Ginevra Lehemann,07-07-1965,5482 Dayton Place,6747456104,18569.21
7,IQZD498505PRM,Neala Vispo,22-11-1981,95 Stang Street,8816436840,16733.85
8,XDNB172094TVH,Sonia Skudder,31-03-1957,113 Shelley Park,9897897437,24756.85
9,WQJP957998GHJ,Gloriane Kobpal,15-08-1933,05418 Ramsey Drive,6118550167,18511.74
10,XIVN125062BQL,Gwenette Mudd,25-10-1953,8 Springs Trail,2626600311,8539.07
11,LJMA431664JGT,Jaymie MacDonough,11-10-1976,41 Schurz Hill,4512595818,14460.61
12,CODM044720RIF,Matelda Crone,26-03-1989,0 Sommers Drive,4552592617,10874.91
13,MZUI849474YLG,Jordain Belfrage,10-05-1958,09 Carioca Street,8149630712,18735.54
14,LCMP057450WWS,Cami Goude,23-04-1961,47 Packers Circle,6352113732,23467.22
15,XFLW143542RRD,Deeyn Tarling,27-03-1983,6147 Elgar Road,7028149457,8003.68
16,EUOU889631RPQ,Marv McBride,18-08-1965,4289 Mccormick Place,9392157361,16063.34
17,TWSX325275NOZ,Jewelle Repp,18-12-1958,17821 Union Place,8947236886,10687.24
18,BHHQ253102QNK,Kirstin Riddles,13-05-1941,41 Forster Junction,1116772091,16475.81
19,TQCG737400CWI,Ranique Coweuppe,15-02-1956,773 Huxley Road,5286443621,24983.15
20,KIYS775046QGA,Rosalie Lissett,27-08-1940,1 Main Pass,6879936367,22712.02
21,JOWR528075LVO,Mick Shackle,18-09-1932,1454 Debra Way,5945543213,20981.49
22,SBJA151757FDE,Casi Castellan,20-07-1953,1 Carey Point,6027655580,15876.49
23,JISF673575OUX,Renado Scrancher,08-03-1937,815 Hoepker Park,9875324770,14347.61
24,MYYB583172MZP,Amanda Padly,28-07-1971,8698 Sycamore Point,2956861550,13535.25
25,XTPB290028MUU,Levy Anneslie,12-04-1999,90 Summit Parkway,5413617963,14233.51
26,YGJM842198UMF,Phebe Andrus,24-04-1993,1057 Schiller Street,4772781724,8144.59
27,VTCQ100939SNE,May Gabbatt,07-03-1985,2 Lindbergh Drive,2273917163,9873.24
28,IHXZ540746IVP,Daryl Mulqueen,21-07-1947,82 Holy Cross Parkway,5767014590,21389.19
29,FUEM970586ODG,Bone Berling,05-01-1989,61 Melby Terrace,3706584680,12762.37
30,KTEP606371XRC,Pamelina Simonini,01-09-2001,76812 Bartillon Pass,5714534802,18149.13
31,GDML036743VIM,Genvieve Juden,31-08-1955,2 1st Avenue,8001456761,8504.72
32,XSZN950126SML,Heinrick Dagworthy,01-10-1958,0 Florence Terrace,9501272494,18815.72
33,GSSU116792ZJT,Tiebout Barehead,30-03-1975,970 Summer Ridge Hill,6205641035,10376.75
34,MUHL483539RYY,Tana Bayns,19-05-1963,6 Erie Terrace,7861072276,22134.78
35,KSQB458477GZW,Bronson Lanfer,09-08-1947,1 Rutledge Alley,8152817643,10658.73
36,CBBA931569QGJ,Marmaduke Folds,26-08-1999,2 Fuller Junction,5815527489,12366.31
37,PPSI977625ELN,Norry Brogini,11-02-1927,672 Caliangt Alley,8603530725,17967.51
38,ZFLK272339RNN,Coral Blessed,02-06-1993,3426 Fairview Pass,5583144545,14387.7
39,QVFG403258YTH,Clemente Westcarr,08-07-1992,88426 Marcy Plaza,8109056069,16827.51
40,BPVQ173145QAM,Jessee Treby,13-11-2002,62 Gale Pass,1127732416,21448.41
41,ISXW911543ZXX,Ximenes Spinelli,27-08-1945,65 New Castle Street,5347807863,19515.26
42,IAVE807806QTS,Alwyn Visco,21-08-1941,11 Hauk Circle,8382406708,11662.86
43,XNOK610177ASF,Brandi Davydzenko,23-12-1965,1 Clyde Gallagher Avenue,9405908792,11764.06
44,FKVI645533EYK,Nicolina Taig,31-12-2005,67 Killdeer Park,2936457031,20080.91
45,AAQI774966OIU,Waldemar Grimme,18-08-1992,72 Farwell Road,3652226137,8521.59
46,DNQZ449661LFV,Jenelle Blakeden,29-12-2003,2 Fieldstone Court,7231439010,15421.34
47,HBSD539567SBF,Gavan Ludmann,13-05-1952,7 Red Cloud Way,3211834464,17210.32
48,JLQT750614JQS,Jenna Wadforth,05-01-1927,9 Kensington Trail,7017006374,21705.15
49,HJVI452211SEN,Loy Talton,25-07-1949,8 Dennis Court,4117455413,20752.92
50,LIVH648403TMN,Irvin Vlasin,18-12-1961,63 Bayside Alley,8138568559,10033.98
51,IDOL962637WPK,Teriann Bryenton,29-09-1957,9 Marcy Road,5754644668,15113.02
52,AGKF519907HCL,Torey Polden,25-05-2003,94 Westridge Road,5357672061,19452.08
53,GPKU392509EOA,Cesaro Antwis,24-10-1995,8 Monument Court,9351392144,13200.55
54,JXTN057352VPY,Morten Wildblood,17-02-2002,7 Thierer Point,4237120897,22234.85
55,KQFP555941VVH,Alistair Simionato,27-03-2000,1 Independence Lane,9872891282,22725.27
56,AVRI038489PIR,Jacqui Furniss,24-10-1987,61208 Dennis Lane,4118337920,10231.43
57,USMX153946PZX,Shawna Chown,05-09-2004,495 Clemons Street,5054199719,19286.44
58,RNRU737591ASQ,Alonzo Gouly,30-04-1970,29687 Summerview Street,9662073062,14788.08
59,OPWT886969DJM,Ranna Cultcheth,06-09-1973,55 Carioca Alley,4876136809,18572.1
60,UXRL825351HUE,Opaline Karlik,03-01-1998,37 Eliot Circle,2254206303,14640.98
61,ZFPD768312HWN,Karolina Verman,12-06-1951,63050 Tennessee Point,3272025169,13747.24
62,ZAZD390418LNQ,Gigi Zorer,10-04-1932,7368 Hallows Drive,1356797410,16532.16
63,ZUHF487277EUE,Kalie Iamittii,08-02-1991,839 Arapahoe Circle,7863927114,14760.36
64,VFZN397683PYO,Thadeus Schirok,26-01-1947,46 Hagan Circle,3323488339,12075.17
65,LKAS480643YOA,Birgitta Marcussen,17-10-1928,3 Quincy Center,9253453122,24138.92
66,XZTS204134HVN,Fulton Breadmore,12-04-2000,9936 Porter Street,5923271900,23340.83
67,GJBD026052FSK,Donny Dransfield,27-12-1942,8751 Drewry Way,5648225846,24122.54
68,GYYQ260843GUS,Tremaine Tynnan,25-12-1996,33 Lunder Circle,9354162933,8299.86
69,JWQZ650742BKD,Melonie Lombardo,07-07-1931,510 Superior Alley,1154678697,9286.51
70,YOWF441636RCS,Andreas Peregrine,31-10-1978,45618 Village Green Pass,4749394844,10482.36
71,FDPP927097NZL,Archibaldo Renzo,05-10-1953,69721 Atwood Drive,3664342689,9787.75
72,CDKC534655ZII,Ephrayim McGrill,22-06-1989,5 Arkansas Alley,7476766845,9604.05
73,ODIE972743CLT,Boote Skelton,19-11-1971,179 Manitowish Court,6071602056,10782.34
74,ZSQB396393MRK,Taryn De Vaar,07-02-1948,73755 Melvin Road,1912650420,16810.76
75,ANIM968626UNG,Hephzibah Bodker,25-09-1938,8446 Gina Circle,4229389725,13690.41
76,KFKF374338XKT,Charlotte O'Hallihane,29-04-1938,24 Ridge Oak Alley,5859157606,9854.25
77,KEAZ584243JDF,Rudy Inglefield,03-01-1963,9 Knutson Park,6766750891,21293.59
78,SHAH123020VOQ,Tracey Vasilenko,02-04-1978,77076 Petterle Avenue,5314527876,11719.02
79,MFGN017450AWR,Lamont Tipler,12-08-1939,977 American Ash Avenue,9451211544,24161.85
80,CYDU946019QYY,Aggie Aicheson,30-01-1968,57389 Armistice Junction,5838987344,22303.46
81,LJEH680338LWA,Scarface Mielnik,26-08-1980,6 Harper Plaza,9492488134,21196.96
82,AZLK833405XAO,Fiona Du Pre,20-11-1924,179 Lerdahl Lane,1708811698,24436.5
83,DRQB467522AWP,Deana Blesing,27-03-1931,515 Granby Pass,6802754064,9176.8
84,MOFM595802BRA,Lauree Alforde,25-02-1965,644 Hoffman Avenue,9769643274,17828.99
85,GZRK374324JGR,Gerhard Oswald,19-01-1993,81180 Drewry Junction,8948183785,19123.06
86,WNUS367692EGI,Arvy Cattel,26-01-1944,4 Vidon Hill,7713312892,15562.28
87,WLOR409932ISV,Chelsy Meiner,13-02-1963,96 Grayhawk Alley,5347602425,16023.69
88,EFPU082895WEE,Juliette Dalyell,19-01-1939,0 Jenna Hill,9535242343,16926.21
89,TASQ333126ZSR,Anabal Bound,25-10-1963,853 Moland Crossing,4448924993,9725.87
90,AOJJ610263UBK,Robinson Blaszczyk,07-02-1972,14044 Veith Court,2512956251,9519.72
91,HETY138637HVU,Vidovik Kimbley,05-08-1973,104 Nelson Hill,5902360823,8589.88
92,ICMG292856APH,Brandais Daid,06-07-2005,56 Blackbird Lane,1496680703,10835.74
93,AKSK107939UVV,Kent Ledger,17-09-1936,58317 Browning Hill,3298843645,19716.83
94,KWSQ295805QXX,Fred McFadyen,22-06-1983,34058 Graceland Place,1733927176,18645.01
95,UZPM259146WTI,Camilla Skoof,18-05-1996,546 Prairieview Circle,3034696936,14254.08
96,NKOY996997APK,Konstanze Friedman,23-01-1960,5031 Prairieview Street,7783656028,8132.16
97,LOEL499636SMA,Lauri Dolphin,15-09-2001,86 Nova Terrace,2547945733,18345.08
98,MONT825499CYD,Joyann Merriott,16-12-2001,8064 Clarendon Way,6874584364,15277.29
99,LJES595579XDC,Suki Boykett,04-01-1971,30 Almo Terrace,1941496892,9748.5
100,KWLV468538FGB,Waneta Roalfe,09-08-1971,10733 Caliangt Court,6624181597,12362.31
101,IJSS488035DLG,Tull Kwietek,01-07-1962,65211 Coolidge Hill,1737040478,16991.84
102,KXIS952664SJT,Forbes Lindfors,08-12-1927,7 Dixon Point,7925061044,8985.53
103,WMTT625947LQD,Parke Weblin,21-07-1989,5 Hooker Park,5414180016,10720.56
104,HTGH335768PCA,Mal Seide,20-09-1975,295 Banding Trail,2773306998,19149.37
105,QBDG740952CMH,Norry Siveter,16-12-1992,1 Lighthouse Bay Terrace,6761005362,16072.11
106,RTLX338391DMY,Kris Aburrow,14-04-1939,35537 Nelson Parkway,5337446638,11899.83
107,FISB495468WRI,Rollie Tunder,20-02-1940,684 Waywood Alley,3637920962,14073.03
108,SJGK502640KLZ,Marlane Fowlds,18-11-1945,2250 Carioca Circle,2682122755,12647.22
109,SMDC029343PZC,Pieter Atkins,05-09-1969,3 Kings Way,6296495886,13978.79
110,HDUD580977ZJH,Robb MacGebenay,09-05-1957,7 Emmet Way,2575044321,18269.83
111,XXEV776915TTB,Gan Shrubsall,04-01-1942,7 Schurz Hill,3889653220,12431.35
112,LSRD312506KTJ,Abigail Waggett,18-10-1978,5 Graceland Street,4286805523,15151.17
113,WLWX495601MZL,Alexander Tracey,17-02-1959,12540 Eggendart Hill,6641367392,10609.0
114,ZVCN167496KNL,Odetta Labbe,17-12-1986,9 Darwin Road,8512584893,18206.82
115,GNLJ788722APP,Ellette Aitcheson,02-07-1960,1736 Cottonwood Road,8192707944,10896.63
116,RCMC263812YLZ,Cosme Wolfendell,08-10-1931,6 Moose Road,9441933094,20611.8
117,BEAF405849KOQ,Carrol Eltune,29-07-1990,51 Talisman Court,3466976009,11171.42
118,OESP755589QLW,Calla Yakovich,23-09-1953,7848 Mifflin Park,2976335762,9420.19
119,JEHH831051JMR,Libbie Ream,12-02-1964,6948 Scott Center,2132936848,21557.88
120,SFAC981868IKM,Joelle Hatherill,04-09-1933,5 Shelley Street,5811072024,11641.03
121,OUGV538180FSH,Norris Hartopp,01-12-1943,76 Rutledge Parkway,8623400955,20265.3
122,FORV104520BYE,Renaud Leatherland,19-02-2003,3297 Anniversary Junction,5089488156,17248.55
123,ZOHO342664ISP,Horatia Petris,14-12-1985,444 Lindbergh Hill,5921690993,20727.05
124,TYGF480508IIC,Peria Dunnan,26-12-1930,67 Riverside Parkway,2134087687,17729.44
125,GWVJ435517AKR,Bree Yoell,21-07-1959,4416 Roth Lane,1706640578,14109.82
126,TRCJ408309RBL,Carolin Beagles,15-10-1962,976 Esch Junction,5456644294,24741.12
127,YMDU165228ZVX,Corilla Berthe,27-06-1967,5 Huxley Avenue,4361184813,9596.64
128,CVDV869696JDS,Jenifer Pinwill,29-05-1940,02 Eastwood Drive,6896940143,8713.79
129,CDRQ926386WMW,Drew Gowing,29-12-1992,8183 Heath Road,9254043512,12629.97
130,QOCF442317EFO,Denney Ridolfo,17-11-1968,5 Aberg Point,9499075930,11473.97
131,GRPQ203038XZE,Dory Darte,02-11-1996,87916 Buell Point,6123290719,12434.93
132,OHDN889308XGG,Kellyann Dobbing,19-01-1925,7 Bartillon Trail,6484171855,16619.76
133,BJJZ283162CRF,Jdavie Camoys,16-09-1962,9 Schurz Street,8959139523,19216.99
134,ABWF820699QXH,Judith Meriton,15-02-1948,0 Rigney Point,9627590149,11598.39
135,DXEY899861IGZ,Lorens Juggins,19-05-1935,668 Butterfield Road,8984348047,20945.14
136,TMHM924155XBF,Rebeka Nappin,10-04-1950,20 Eagan Drive,8978664939,19373.91
137,VOQJ328002PCY,Art Bengochea,16-05-1976,748 Northwestern Parkway,4081388913,16638.79
138,YQEA547992NYQ,Mildred Dranfield,19-01-1960,504 Londonderry Way,9715035939,8729.31
139,NETB371678MXQ,Thomasine Tasseler,11-08-1964,036 Mcbride Plaza,1589476899,9273.18
140,CYHE351395LPU,Deina Zecchetti,28-06-1950,44 Rusk Lane,3406713682,22140.46
141,CIFI277225SMH,Carolina O'Bradane,05-12-1940,2476 Shasta Plaza,9354399321,19234.96
142,CGTM572661PSF,Catlaina Smedmoor,27-12-2006,6 Bowman Junction,2612138657,12882.1
143,HDGB153744KPA,Roderic Gateshill,30-11-1961,451 Longview Lane,3949182230,15137.38
144,OWNI251008OFK,Rozalie Wethered,30-05-2002,063 Eggendart Parkway,9399350843,18631.63
145,ZUUR278306MCJ,Rhiamon Rawsthorne,01-05-1999,735 Valley Edge Court,5236716846,21248.31
146,SDAC660808WMD,Olav Casolla,05-04-1996,02036 Summer Ridge Hill,4144040506,20074.6
147,JJMX267365FSQ,Duke Chidley,28-04-1926,82438 Upham Trail,8875062347,12604.84
148,AJKN044957FAC,Meredith Henze,04-11-1950,84129 Corscot Alley,3219088267,16339.89
149,ZSFS151563JUU,Heddie Searson,07-12-1933,63284 Saint Paul Circle,5014500955,19529.6
150,ZALC802762HNO,Eryn Kearley,15-10-1997,4 Caliangt Road,1973358529,8677.94
151,GWNO366410VPM,Muffin Antusch,18-04-1972,861 Sommers Crossing,1587609090,14634.73
152,XBBA319370RDZ,Brannon Sprackling,09-08-1953,48466 Fairfield Pass,8989007657,19846.95
153,ITPQ610081IRR,Goddard Lotherington,09-03-1987,2618 Hoard Trail,3658142426,12229.72
154,MHHP269699DUI,Verile Paffley,06-06-1948,399 Carey Parkway,8239311372,22342.74
155,CUIT900292VBT,Benson Frangello,28-10-2000,5 Melody Parkway,2354948467,13154.93
156,MORG840083OHG,Heda Terrington,04-05-1947,732 Emmet Road,8171574531,14870.63
157,QNGR193279UKS,Killy McGourty,13-05-1949,86 Scoville Plaza,6141080683,8667.79
158,VIFW641061OVT,Lukas Tourmell,26-04-1977,7541 Norway Maple Road,5709459261,15643.04
159,DQJP234991URI,Binky Kaley,14-02-1950,483 Texas Point,5988925450,22425.83
160,VVBV110957BME,Carney Beevers,21-12-1933,2716 Sunfield Plaza,4545734396,24447.19
161,JRFT486644BMD,Honor Mion,03-08-1989,452 Iowa Trail,5428725443,22288.74
162,EDMU700146DPW,Cece Given,20-10-1981,769 Green Court,4579144411,18154.57
163,VYUQ041974FGJ,Cori Korfmann,30-04-1992,54 Canary Plaza,4414041807,15081.31
164,OQLM474192FXH,Darline Dickenson,04-02-1964,84 Pepper Wood Circle,6753132367,8590.42
165,KUTC623405LMU,Lana Wetherell,14-02-1994,03001 Oakridge Circle,6432252710,9853.09
166,BKON836610OZR,Leona Orman,20-03-1954,42 Lindbergh Trail,6772297391,11153.48
167,OXMY729445FPP,Oswell Kippie,16-05-1992,90 Oneill Circle,7828729655,8944.83
168,LUGR187898WOV,Kelly Fortnum,12-01-1982,53 Manufacturers Lane,4071139298,12538.19
169,EYWE009695UMD,Eduard Sinnock,20-03-1933,70 Old Shore Avenue,9105915541,12369.98
170,WJDF554387ZHQ,Giraud Stronack,12-02-1954,477 Karstens Court,6719929018,18708.12
171,YZBL328442LMZ,Wallis Bentinck,04-06-1933,35957 Anderson Place,7377912508,22984.84
172,ZBIM468736IDZ,Renee Tokley,08-09-1994,43280 Miller Parkway,4186607352,15687.04
173,TFOX553264DGB,Devon Woollard,24-08-2003,4297 Luster Lane,7016549400,23308.86
174,PVJX065822JDP,Aurelea Popplestone,18-11-1972,07 Mcbride Hill,2784555410,8681.75
175,ASJP464280FEM,Garrek Partlett,01-09-1938,35694 Kropf Crossing,8625904401,8570.35
176,GGYP995436LFA,Myron Pagden,04-11-1953,8457 Elmside Lane,8942658468,16740.4
177,TMWP759298OGC,Ranice Lavens,18-11-1988,0880 Spohn Drive,6974847010,9539.65
178,CBUX082610ISP,Elene Dungay,04-05-1944,67112 Novick Way,2997182838,14718.83
179,UKOP444063XDT,Tybi Edwinson,06-03-1955,789 Fairfield Hill,3466863299,12580.73
180,SJYH191764NXU,Kele Rich,22-05-1985,6 Reinke Center,2139897288,15999.0
181,WJWU349882VIL,Marshall Gude,30-04-1950,37 Division Avenue,3465203616,10883.93
182,OVEL920079MWD,Doti Walsh,11-03-1994,427 Spohn Court,4653867023,13753.71
183,IISV954971RVQ,Luelle Shone,13-11-1925,10 Hovde Road,3879306128,17145.53
184,SUEM039477RQL,Ulysses Child,27-05-1997,85207 Cordelia Park,8604442526,9721.59
185,PJHE459118BBE,Jarret Wetter,09-07-1958,5648 Meadow Ridge Alley,7034968490,18771.93
186,KCQF879687QKS,Teri Larratt,13-02-1927,53939 Schiller Trail,9141639811,17497.7
187,JQIY210181JXB,Minta Ikins,09-08-1982,97 Ridgeview Drive,7094750829,10398.94
188,ADLW298692QHD,Leon Cristofor,11-03-1939,0 Roth Drive,2144954605,19112.77
189,ETHK039256PTI,Danica Matschke,27-03-1935,33 Roxbury Crossing,1177221400,8230.2
190,PPNO728667AAN,Alyosha Lupson,30-06-1941,8450 Westridge Street,9792378027,13944.98
191,NXXT882621SBH,Jakob Fair,02-05-1970,3941 Crest Line Center,7519659747,22861.59
192,OXHI135221AGS,Ferdy Attrey,13-10-1975,34248 Derek Trail,2922400671,22862.82
193,LVZX454066QJF,Ashley Jarvis,07-01-1933,511 Killdeer Circle,3181998196,15761.24
194,JRXO461655NFX,Pamelina Jefferys,28-01-1955,259 Northview Alley,1691578893,23219.58
195,VWTI637123GDW,Ben Garms,04-08-1969,183 Bartelt Drive,4341668479,19896.59
196,XHFT374317SVB,Levi Pallesen,06-11-1940,6 Bonner Road,2332614819,14594.44
197,KBEL944335QLW,Danna Jaouen,20-09-1985,39180 Northridge Drive,4247951537,20236.6
198,CVFT710509XGE,Mireielle Lancley,30-03-1969,962 Bayside Road,3009561402,8933.31
199,SFHP544899RUP,Prentice Grote,15-06-1927,443 Buhler Pass,7363826328,12608.11
200,VUVH592943CUY,Reagan Castles,20-12-1979,3970 Everett Road,7367251284,17249.13
201,EBCU779111ILB,Garth Woolen,07-07-1986,52 Columbus Junction,8978183006,9406.33
202,KILE544543RRZ,Sydney Slowgrave,20-12-2003,51 East Point,3436930486,17744.73
203,EAYX276555SDA,Adriane Ingliby,28-04-1992,5 Derek Hill,2058311330,21862.57
204,FZXK644971XWC,Lindsay Goldes,01-10-1992,120 Lighthouse Bay Court,3982695966,18022.06
205,SEEN445160XGA,Marilee MacCambridge,30-01-1971,862 Brentwood Parkway,9075911266,16597.27
206,FLNZ655446IKE,Deidre Pomroy,23-08-1982,3 Charing Cross Pass,1991014354,18814.8
207,PWRY367807OCH,Chen Flacke,28-11-1943,5 Meadow Valley Drive,4697376849,16496.68
208,GFTQ216033QIX,Alic Farman,21-12-1969,946 Ohio Park,2188569145,14372.79
209,HFVK598796CTI,Stanislaw Creffield,05-07-1972,61 Norway Maple Trail,1046304276,10271.88
210,EPYH949487KRP,Stephani Dargie,17-11-1972,92766 Schmedeman Park,7508427526,9487.87
211,PHJA057764HYO,Katine Furminger,09-03-1929,41 East Terrace,7986523790,9509.17
212,WQCJ533413FDO,Astrid Spare,05-11-1936,645 Buhler Park,2712394977,18702.64
213,TMUJ867400UKN,Wileen Santo,07-10-1974,15 Banding Plaza,7758949845,11181.69
214,QJRN223114OIM,Amalle Baldick,11-04-2002,73360 Valley Edge Pass,6543093630,19553.51
215,HPXM014665KTI,Clovis Durrant,16-01-1962,04 Weeping Birch Plaza,4318123445,24352.13
216,YSYZ803512SGQ,Ilaire Ashmole,13-10-1975,629 Norway Maple Alley,8478513265,16454.42
217,VRRJ097232CNS,Jeffrey Filon,18-02-2000,131 Reindahl Point,9588769650,8964.69
218,HOLF270710WKN,Myriam Daventry,11-09-1962,30 Westend Road,2421084503,17754.4
219,VFBT822196EWE,Ber Cavnor,18-04-1969,55362 Hanover Crossing,3009502572,13427.14
220,YYTV883885VMP,Bernardina Benedicte,25-04-1962,2 Eastwood Plaza,2895402774,13526.69
221,BLHC461507HIA,Mariette Grierson,30-12-1971,3 Surrey Plaza,3886266058,18853.59
222,AGHU441735VQP,Coriss Cuncliffe,25-11-1988,65 Mccormick Pass,1313078661,17668.28
223,NYVC022202WIY,Margalit Iskower,21-01-1958,5389 Jackson Pass,3571473679,15615.72
224,FLSZ039593MJI,Lorettalorna Hubberstey,17-08-1933,98212 Warner Point,7047138318,22943.07
225,YYVA610460BII,Tanhya McGarvey,28-03-1974,633 Buena Vista Lane,6775099150,22441.84
226,KUDH488344SOI,Mariquilla Hendonson,07-02-1928,70749 Village Street,5738406952,17072.39
227,EBVP732049GDT,Lemmy Shirtliff,16-10-1950,237 Boyd Park,5437165163,22081.02
228,VCBB452734EVG,Ettie Saladine,23-02-1954,0278 Kings Court,1583354244,18615.54
229,CCQE144982SAF,Shepherd Pardey,16-01-1997,200 Bartelt Place,7791441998,12523.51
230,VYJL100270XTN,Culver Lamyman,31-10-1988,3 Surrey Alley,7721437232,24072.78
231,HROS212223GAK,Hashim Halward,20-12-1992,683 Mockingbird Drive,9876565857,8032.79
232,DXOR188382AYR,Keely Paeckmeyer,30-12-1932,890 Shopko Court,9588007958,20388.73
233,KUCN195453RTE,Clovis Blenkinship,23-09-1941,17 Gulseth Alley,6345439667,13868.77
234,KPMM945841WUD,Bernadine Gandey,17-06-1950,489 2nd Road,2775038823,19625.2
235,GESF105059IWG,Giselle Pentlow,24-01-1967,47 Moland Terrace,7639967773,11397.95
236,KRYJ818324SRI,Parke Olenin,31-12-1927,48151 Hovde Park,6985233803,18073.52
237,XEMQ049307ZNB,Rafe MacGaffey,28-10-1937,3168 Lakewood Gardens Trail,1907341626,9331.52
238,EMBF137197KWB,Scarlet Isaac,30-01-1977,4 Fuller Center,4223714397,8430.56
239,OOWL102459GIW,Merola Whittlesee,26-09-1979,4 Killdeer Park,9823717750,23730.63
240,TMOM676471RIE,Clemence Bugbee,16-07-1992,747 Kennedy Pass,3545523875,21010.69
241,EBJM295211BRI,Rudy Ottewell,13-07-1946,9 Golden Leaf Plaza,3573951163,18006.37
242,WJGF821630OHK,Waldon Aberchirder,10-03-1938,56 1st Way,1497743971,18899.14
243,PCNP713099USW,Joni McQuorkell,04-06-1968,98 Moulton Alley,7653013878,14433.63
244,AGID743294HFQ,Ramon Tomasoni,26-07-1927,4831 Fallview Point,5068972267,17501.55
245,HKDU077890OGX,Adrianna Vogeller,14-08-1993,9 Dwight Avenue,6242283559,15693.29
246,TWGS089112ZCH,Muire Attlee,21-03-1946,0 Schlimgen Center,1183153811,9603.4
247,MWHN640440DKL,Nina Stonary,07-09-1983,6067 Mendota Point,9398647447,16989.61
248,RBEP149409YTQ,Jemmy Josofovitz,25-09-1929,51 Rieder Parkway,5682387065,19929.76
249,IOFF029616SND,Babette Cerman,10-08-1946,684 Twin Pines Center,1646062259,12687.92
250,LHWQ960207RBF,Anderson Ridgwell,01-11-1997,48 Lindbergh Circle,6991056051,21628.66
251,FNAJ095194JWB,Nicol Liccardi,28-10-1984,5267 Memorial Trail,6488873114,21816.11
252,LDFR356732LAI,Sylvia Cauldwell,24-08-1983,64859 Lukken Junction,6644623917,11138.99
253,EXOG189941BRD,Bailie Wibrow,17-11-1966,9732 Scott Trail,9897584442,24959.15
254,NAFF009707IKN,Tibold Paulton,22-02-1957,765 Comanche Parkway,5941583885,9551.44
255,DVYB679753BRC,Ardys Calcut,21-11-1986,71 Michigan Drive,9685983125,12267.6
256,VXXA789056QOO,Neddie Rickaert,19-05-1960,66814 Tennessee Way,6334934225,9475.34
257,KZTG735747TOQ,Elsi Reddick,07-03-2003,80446 Ramsey Pass,5767490984,15537.4
258,ZSLO760158LLO,Pavel Jain,28-06-1928,8861 Northland Plaza,8816543009,11079.88
259,MCDD266725TPB,Arty Gores,18-03-1959,9736 1st Center,9872958076,24718.49
260,MZQR155274QNN,Pavla Saur,23-02-1985,6819 Talisman Park,9557581138,18861.03
261,BDNV208801PLA,Jaye Million,26-11-1987,71462 Saint Paul Terrace,8272795702,24237.81
262,JLEW181720NAY,Tabby Ellesworth,07-02-1959,5 Shoshone Road,9018342945,16868.15
263,TMOK464592RCO,Ad Bedinham,28-05-1988,445 Cody Park,5459344889,15847.88
264,LDSB357296CSF,Brantley MacBean,12-12-2003,79 Paget Place,8664883176,18721.42
265,THNL771716QXF,Dyan Caulder,20-06-1928,92944 Menomonie Plaza,1941916586,19160.61
266,CKNE455132CUE,Emanuele Wheal,13-10-1928,292 Reinke Trail,2559213739,16390.71
267,WZDA850359ZMQ,Renate Bewlie,17-02-1999,85518 Anderson Drive,2002144197,24107.26
268,ILRW435616DSI,Torre Glazzard,05-10-1944,889 Independence Center,9281090909,15442.8
269,NQYU403155KAQ,Cacilie Braunter,07-07-1972,7 Fuller Circle,9591255031,18260.2
270,VOXQ429286DMQ,Xylia Hanrahan,28-09-1940,088 Autumn Leaf Junction,5987662651,23918.05
271,SLMA175043YJN,Patricio Syratt,19-01-1931,9 Rowland Plaza,2747117513,10279.23
272,MXAY123651QBM,Linnea Winney,09-04-1961,5 Morrow Center,9947293075,21142.24
273,QQUU583503NZA,Lennard Jedrych,18-11-1989,32 Sauthoff Court,5752237506,9694.55
274,EAVH399735KSK,Doy McAuslene,21-05-1978,8 Beilfuss Center,7624768155,21036.09
275,NBOG913890PJS,Lambert Shopcott,05-07-1952,542 Thompson Junction,3349729312,21537.22
276,UXRS886703XVU,Marjy Blomfield,22-04-1929,934 Norway Maple Parkway,8252636873,21007.59
277,VKSD244047GZH,Gayla Paolinelli,29-07-1959,06 Hollow Ridge Hill,7403025992,13346.43
278,SVCH635151RYE,Valentino Conningham,20-02-1973,41 Jay Place,8308778723,13059.13
279,KIDA011789PIB,Rosanna Leyfield,28-01-2005,2038 Spenser Point,7665903551,9402.69
280,ZZRW093115PFA,Georgianna Shewery,18-09-1964,930 Saint Paul Drive,3823461998,15561.96
281,RRGO781796LML,Natale Presnall,07-08-1972,88334 Kingsford Point,8929449404,20211.52
282,QOYO969826UXP,Bridie Dilleway,14-02-1996,2401 Bobwhite Road,2782839080,18105.75
283,JVMY173079VOQ,Alain Ibbison,09-06-1994,86700 Northview Center,4476084305,14631.3
284,DZXW784267FZJ,Verna Vankin,08-11-1930,0568 Hansons Drive,1742264719,10055.5
285,YLWX539277RJJ,Beale Dyball,11-06-1932,351 Onsgard Point,1599203307,23620.54
286,OBBH290231ITZ,Vachel Pilmer,13-11-1926,57 Hoard Hill,7333396919,8848.47
287,PCIY531670LVR,Jarvis Kyrkeman,30-11-1948,133 Eastlawn Terrace,7663863629,8717.82
288,UPLK632135HKM,Tannie Tie,26-10-1932,8101 Golden Leaf Circle,6063365441,8841.04
289,EMXK689999SXF,Ethe Matuszinski,28-02-1965,135 Westport Avenue,4966093237,8686.13
290,IRTC303812JTW,Stacia Birkin,31-03-1989,836 Nevada Court,2754492238,13145.26
291,JDLX455958UPQ,Ida Joseph,14-12-1925,11 Hudson Terrace,2989057476,10899.25
292,ZDNU511486XEG,Parrnell Grinstead,22-01-1998,41 Comanche Pass,3297328238,13211.13
293,ITBH522992LUL,Roley Girsch,18-10-1972,5198 Reinke Center,8517652773,24312.67
294,SDCM889690NUJ,Florina Fleay,20-02-1989,819 Green Ridge Hill,8065558777,21823.18
295,HQLM970335VCT,Derby MacWilliam,03-12-1940,7 Hauk Crossing,5183315710,11837.26
296,EVPC789087YES,Anatole Abbie,28-09-1944,4839 Sutherland Court,4953166486,19403.24
297,SKHY816038KMK,Heath Brookesbie,30-06-1980,2296 Service Alley,9561467186,19380.31
298,XLGY444051HUO,Pippy Bater,31-08-1962,8 Nova Park,7124740143,10405.48
299,VIIF635689YGR,Trina House,21-10-1996,6 Warrior Point,3457541669,13631.62
300,HJBM195492RYC,Reiko Ferraraccio,23-03-1978,801 Hoard Center,5072447140,8289.53
301,ZFWD985468BGH,Nahum Smidmor,20-03-1931,8 Elka Avenue,3625137983,18411.44
302,RZKY611055LHJ,Shelagh Costa,07-12-1973,6 Monterey Lane,9555468723,21445.22
303,PIHN312752EWB,Tallia Ailsbury,03-03-1973,626 Anzinger Place,5153132051,23222.4
304,MFNY881363FZG,Amie Deguara,27-08-1935,439 Atwood Circle,2077196117,11181.69
305,MRWJ419320QGN,Tamarra Forbes,01-05-1974,29 Jay Plaza,8113243874,10125.22
306,EILC201566PXA,Fey Durning,18-02-1941,75 Vermont Avenue,4081661320,13312.94
307,VPYH968962ADK,Cherilyn Aberkirder,20-02-1967,3 Talisman Junction,1091719506,17211.67
308,KRLL578498HHS,Parker Dalliston,25-11-1982,15218 Saint Paul Terrace,5743718772,20037.33
309,BGAB354328HIC,Augustine Gladbach,04-04-1934,5860 Westridge Alley,8168333801,12261.63
310,STXU757203MAI,Theadora Hogben,11-08-1932,42819 Debra Street,7609809398,8486.57
311,YHCS910161MHN,Berna Heasman,25-12-1972,723 Autumn Leaf Road,9079950697,17803.37
312,XSAP135044PTQ,Boot Beddon,04-09-1997,0469 Dwight Circle,7332812710,21576.11
313,GEEF961095YAB,Benni Alger,12-02-1935,7 Coolidge Point,7731044517,18964.35
314,SNIC894039UEO,Gennifer Jeromson,22-02-1925,46 Milwaukee Hill,8056771837,18211.66
315,UOOS314270VWY,Nye Fiorentino,05-08-1945,64224 Bowman Pass,9551077387,9989.05
316,KYAK869994YVH,Brannon Santello,01-02-1998,2 Claremont Drive,5145492391,23388.38
317,AFRN706112TOE,Pascale Jenyns,25-02-1992,6 Park Meadow Place,9958881657,14758.92
318,AOUO796946FES,Gusella Hizir,06-03-1951,954 Tony Trail,7184288801,13619.62
319,LUJQ284873LBO,Quill Roughley,20-04-1957,29 Waywood Trail,9984222916,16017.19
320,WGNO089791XUE,Wynn Chalmers,09-05-1936,0142 Duke Court,5127362489,15923.64
321,NEYP182490YCO,Edsel Curnick,05-04-1984,480 Johnson Court,1636477608,24500.25
322,BBBJ722244RKK,Whitaker Wicklin,20-01-1925,2270 Westerfield Terrace,1346254272,13769.98
323,COVF932321GRM,Bridget Leal,07-03-1997,05894 Burning Wood Terrace,3421536241,12304.53
324,GWNF425394XWJ,Luelle Edmenson,21-02-1948,18395 Reinke Circle,3536543270,15040.25
325,UEUJ641809OMS,Stanton Haszard,18-04-1925,3071 South Pass,5185938260,22512.27
326,PKWN622277TWO,Nissa Kilmartin,24-02-2001,200 Mendota Terrace,8315072117,15181.23
327,XUTJ961679YAD,Filia Lope,19-12-1974,21 Milwaukee Pass,7061571082,16275.34
328,JEKX054623NFY,Klara Folkerts,01-01-1937,4 Weeping Birch Lane,5041532553,18684.53
329,UMBU634071FYV,Jereme Frere,30-09-1955,79202 Southridge Hill,6294403500,14891.0
330,XZJG542844GDL,Cordelie Winwright,23-02-1970,2634 Ramsey Avenue,9428005105,19920.09
331,IVYU722906LGB,Hazel Gabites,19-08-1961,13 Melody Court,7646976371,23430.63
332,NFGS832753PGO,Robyn Divell,14-03-1976,18 Brentwood Hill,3657300223,23178.04
333,JYNA992735AWN,Britteny Duchesne,24-08-1979,703 Debra Junction,5994052125,18770.26
334,UDHO525640AFZ,Magdaia Severwright,13-01-1939,042 Mifflin Terrace,2058775732,12302.32
335,EXVQ850300EYY,Milka Caro,08-08-1984,9115 American Crossing,8942449360,20987.27
336,SHVL588663YJW,Ced Van der Daal,09-07-1945,0 Miller Center,5352987360,22163.97
337,PZXC973423YIR,Carmencita Aicken,15-04-1929,228 Badeau Court,7083140043,12729.8
338,JGAP918021PKC,Milly Downer,21-01-1994,1 Porter Alley,1591231156,21203.34
339,WFRJ189033PUT,Bibby Prinett,01-12-1940,2 Independence Lane,1715785736,10053.19
340,OYGE613991NGF,Cam Gratten,25-01-1997,3460 Tennessee Park,8304319640,10980.82
341,ZJXM894883SSI,Sharai Cattanach,14-05-1943,38 6th Trail,4636728758,14364.73
342,SRRD108659BUA,Tally Leggett,20-03-1953,2098 Debs Center,3759264958,17444.07
343,BXHY674258SGM,Corbet Dunbar,23-06-1994,847 Mayfield Crossing,6641954568,11944.44
344,UVNV106661FML,Papagena Wadeson,11-06-1926,7 Dakota Point,3143294377,22185.18
345,FXML039225UPU,Jerri Pashbee,27-09-1956,1161 Hagan Trail,3696437555,13930.69
346,LYLB342549DYH,Kimmie Loche,15-11-1956,55 Blackbird Street,8318330596,21988.07
347,VDKO951883AKX,Allegra McCaughey,02-03-1971,5901 Messerschmidt Hill,4892091300,14827.99
348,KISG925745KWB,Germaine Dugue,14-03-1945,957 Thackeray Parkway,8341908816,18525.23
349,RZNF288738WLN,Costa Brunning,05-02-1982,3746 Vermont Lane,4488174464,11261.25
350,LQZF444186UTU,Adam Loblie,14-05-1965,7 Northridge Street,1406603913,19650.02
351,HLEW355507FJI,Cherrita Mulvagh,18-03-1939,6536 Manufacturers Drive,3352687514,18183.39
352,KUXH827006LZB,Forester Rigge,08-03-1938,55101 Bayside Drive,8529427728,20995.46
353,RTWT811527NTD,Cherrita Alcalde,19-12-1930,005 Hayes Pass,3962269481,8322.9
354,WZIT007141SPA,Godfree Terrans,17-01-1941,12236 Stoughton Road,3838856939,16389.84
355,ZCXQ766961FVD,Hermy Dunckley,30-08-1955,1 Miller Hill,2056460803,17173.77
356,IVGZ340089CGR,Silvana Jarrette,04-11-1974,30646 Barby Pass,7663301426,24658.81
357,CIEZ749031TXH,Seamus Caisley,13-08-1970,49703 Westerfield Trail,3164066906,22932.63
358,OEXV606329ZXB,Rory Heugel,12-03-1984,547 Stone Corner Terrace,3511676416,23061.47
359,XLVI653202DOR,Emerson Jarman,17-07-1929,4 Oak Alley,9977255912,21735.08
360,TWCB026740QPX,Florrie Scala,30-11-1947,30830 Service Plaza,8218569844,20935.37
361,EKUC173996URF,Sylvia Goodger,15-10-1950,7 Pepper Wood Pass,7465431127,16062.89
362,GYWI242868VWL,Jackquelin Cohr,09-12-1995,57 Dayton Junction,8028735555,17935.9
363,AJEZ982758GFQ,Odelia Tuer,17-03-1973,083 Havey Drive,8263354925,22799.36
364,QFSD757912UTP,Eda Baselio,11-04-1948,55667 Westport Parkway,8302306645,22658.05
365,FMHB668595UMI,Janetta MacGee,14-07-2003,3 Union Court,9823076321,21044.1
366,OBRW348939MJR,Torrie Skitral,22-01-1955,5855 Homewood Park,5514226821,13456.71
367,CYBH354614WUJ,Sher Aggiss,03-02-1961,318 Waubesa Plaza,5131309523,8638.56
368,FXQW195066SHU,Genia Schoular,08-02-1942,144 Amoth Street,5452932822,14494.57
369,ABCD418084XCX,Ashleigh Corfield,21-06-1927,0314 Ronald Regan Pass,1447956698,15708.57
370,PVAS686938SGB,Alic Hortop,11-08-1992,032 Elmside Pass,2736411561,22065.8
371,PVZK989054BEM,Drucie Walthall,23-06-1949,53059 Forster Circle,3858201235,14365.29
372,SFEN327646DZU,Bertie Masson,13-03-1925,58377 Northport Terrace,7348111152,18537.34
373,IHUS542122GGT,Renard Henrionot,29-05-1961,17283 Armistice Trail,3511072882,10650.0
374,SMQQ069978PWH,Marcie Plumridge,01-05-2007,243 Lakeland Court,8419898628,24365.06
375,MTQD111910UCE,Bradan Houston,19-07-1972,60668 Thompson Way,7622027308,21589.94
376,SOOU188719LYB,Shepard Zettoi,24-12-1988,57258 Toban Lane,3481439569,24847.66
377,PHDE141060YNX,Clea Foyston,08-01-2000,785 Doe Crossing Terrace,8884076028,8462.35
378,QWDU530195HTX,Fawnia Top,29-05-1931,1891 Morning Place,1484550139,16700.4
379,HOIM407070AUB,Christa Janota,22-05-1926,68 Warrior Court,5121250412,24315.02
380,ERVY354915TNS,Antoinette Snyder,22-07-1975,096 Laurel Street,8329130541,23040.37
381,RGGV614172DOE,Cleon Jickells,21-09-1948,6 Merry Park,2404492449,13023.27
382,LNNE557832GXC,Bird Breach,06-06-1996,50 Northview Terrace,6297759668,8039.51
383,YTFA486429WYH,Rosabelle Surphliss,03-05-1960,17 Dayton Circle,3966080886,24337.88
384,KNGF251669URU,Allx Bauser,25-01-2002,025 Dayton Road,7779940439,16766.97
385,CBGF153607QKE,Alfy Canniffe,14-05-1936,2144 Glendale Street,1273287766,21395.95
386,JUBR500777XSV,Brod Kinnier,09-06-1984,27 American Ash Alley,7521602768,19457.42
387,NFVN662358QWE,Carey Panton,25-08-2002,82701 Susan Plaza,7827588519,14240.65
388,DOUZ541324CIU,Filide Marikhin,14-10-1929,315 Golf Course Lane,6027964138,10825.72
389,ELKE409289IMO,Brittani Grinov,27-11-1931,6598 Mitchell Alley,4882526116,10882.42
390,HLLJ656703WKV,Gwenny Kesley,15-08-1995,79788 2nd Court,8059194178,12229.06
391,ODGO573234LPU,Carin Sanger,09-09-1990,3 Jay Point,4535108010,8000.25
392,ZQYX783032YTU,Pennie Keling,01-06-1944,17075 Rutledge Point,7922145643,22614.45
393,PZLB279904YIK,Bernardo Rolfini,24-10-1954,0 Dahle Crossing,2321654784,22169.25
394,NUKX282316KJA,Nadean Brimming,24-02-1986,93045 Meadow Valley Pass,3137001364,18350.72
395,XVWB550619LTJ,Ryan Kenealy,09-07-1951,6 Clemons Crossing,2351756828,21049.76
396,BYJX221183EBP,Wainwright Borthram,18-10-1968,837 Leroy Place,5296917522,19091.65
397,QRNT726686THO,Fabien Haining,14-03-1925,0 Grover Park,6117058971,21248.68
398,ACMS463951FMC,Lennard Tichner,31-05-1983,3 Troy Circle,3398885600,16108.31
399,IEOI182680XCA,Simmonds Harvard,05-03-1957,4923 Miller Parkway,2707803278,18191.39
400,HMRR806222PBG,Roma De Gowe,18-07-1969,1 Eagan Way,9085731217,21818.98
401,EBLA373074MOX,Cindee Rawling,17-09-2001,893 West Plaza,9197197667,8913.83
402,UIZU852304ESF,Briggs Bullers,11-09-1977,10 Dawn Circle,5874015963,18851.48
403,IIYP512336EQL,Lesly Walmsley,14-02-2004,4132 Bobwhite Parkway,7821407265,10575.51
404,JXLM534161YQY,Amalea Oneill,31-03-1998,9532 Golf Lane,8397396550,14203.94
405,QJBY912830YQS,Cherin Lehrmann,02-05-1961,24894 Steensland Crossing,4626603063,13562.8
406,INQM412711CUF,Dolli Fadian,25-01-1929,418 Jay Road,8709093695,12020.71
407,TLMB548656PSY,Ali Eddins,10-12-1949,6 Twin Pines Pass,4985851837,13799.98
408,OPOL182085WFI,Ninon Putten,14-12-1950,85 Emmet Alley,1716034539,23657.78
409,WAXY756200RRP,Huberto Filmer,22-09-2003,46 Stephen Junction,1074593027,20034.87
410,XZFG386049PAI,Kissee Bertie,20-02-1971,2092 Gateway Park,9228568678,16737.5
411,TICF109994BPD,Bibi Le Gall,27-12-1949,3 Arapahoe Drive,5593485366,13390.44
412,HKOX881617XBH,Ellis Stewartson,12-05-1987,93 Reinke Center,4591541306,8310.16
413,NKMP579301FAX,Sara Rowen,01-05-1992,380 Lighthouse Bay Plaza,4768041921,23842.73
414,DAEO132979SRH,Yetta Rozzell,09-05-1943,0 Summit Terrace,9157175303,22497.04
415,YSND030355AMF,Raoul Wesley,04-03-1969,23574 Westend Point,8017027635,19915.01
416,CWSD187252EUV,Yalonda Coleson,16-07-1941,9563 Corscot Pass,6317279378,17241.71
417,YSJA296151KGW,Kira Colwill,21-09-1945,56552 Dawn Center,7579674502,18346.22
418,TASA448986VBS,Janifer Karby,12-03-1985,16047 Harbort Center,6743605535,21167.83
419,OHYB996536PLF,Erick Rassell,21-05-1955,545 Hermina Park,6244350760,20539.78
420,ACDR126858GWN,Jon Sweating,07-04-2003,805 Muir Junction,6956954333,15772.92
421,JSHC605209ASF,Mella Tofanini,25-06-1970,878 7th Way,7321744168,10903.29
422,AHRB466764NXS,Care Mackin,26-04-1983,03 Warbler Alley,8894772701,11197.94
423,POKP813859VJW,Dore Von Oertzen,03-12-1967,177 Waxwing Circle,5432020622,24811.65
424,STDZ978225FER,Clive Knotton,13-10-2001,4 Mosinee Trail,2556900767,9204.67
425,HEKQ789803XCR,Raymund Edwicke,08-08-1938,7004 Moulton Way,7065598071,17243.81
426,PWSE184834HLD,Gwenette Barden,31-03-1970,31520 Karstens Center,6619453667,14674.61
427,VCKS154211AHZ,Renata Turbill,23-07-1944,9 Summerview Alley,8364195854,19927.91
428,ESOX151678JZX,Malory Peascod,09-05-1985,1 Prentice Avenue,6561509715,20234.1
429,YPQO123218OIG,Ulla Bolte,10-11-1935,72779 Monument Drive,8878667133,23252.55
430,DEGN014747JWE,Joyan Bunyan,16-10-1997,3 Holy Cross Drive,8865583262,11870.67
431,MTUP014970MWU,Quincey Cade,26-04-1939,300 Kingsford Parkway,2108520116,24988.24
432,LXWN794675JIE,William Konertz,01-01-1958,5 Mitchell Center,8713683834,10932.89
433,OFBF455812HZA,Chrystal Lensch,13-05-1938,725 Welch Road,2907765727,17355.2
434,ZNZB628120AUA,Page Banbridge,26-07-1934,0428 Brickson Park Way,8251831020,14401.72
435,NDGS546366RHG,Chrotoem Dulson,28-11-1960,6780 6th Trail,9285884979,21150.04
436,QNUC972439CPV,Clarence Bantham,10-05-1988,94645 Walton Alley,5465999806,12522.97
437,GDZX658385YON,Kaycee Robiou,21-03-1977,5453 Forest Dale Place,1167653623,14634.19
438,LNPQ245530CBA,Rodolph Lecount,26-12-1963,50307 Eggendart Hill,8213766787,22212.15
439,MJDI581622IAH,Lawrence Frewer,12-06-1939,6 Union Avenue,4728390560,24833.55
440,IRFT577627EIM,Brittne Ruberry,06-03-2006,77 Roth Road,6382069145,15772.19
441,DFGJ447071ZKX,Putnam Gisby,20-08-1924,088 Ronald Regan Terrace,7296137483,16064.34
442,FSYZ529224KXM,Melina Bissill,13-07-1924,98115 Hintze Way,6341307529,15976.29
443,FFCF094579UXG,Webb Mabbett,18-08-1970,8 Homewood Trail,8228990241,16878.05
444,SOZD966919GJV,Norton Best,03-11-1965,5 5th Pass,3888636232,12439.93
445,UIPO825958KXO,Shayne Lawn,29-10-1976,47 Old Shore Plaza,2296384792,15734.48
446,KXYO111232NRS,Henrie Blackmuir,28-11-1995,89 Bartillon Pass,7866902996,9127.13
447,SOXF509969SZB,Genny Kaminski,05-11-1942,3371 Luster Drive,8674614962,24612.51
448,DIZU061073IYO,Bernardo Dunhill,08-07-1930,3094 Ludington Pass,3899128399,15812.56
449,EXOJ530638LAP,Catherina Large,14-09-1968,657 Texas Drive,5359880351,13505.1
450,NMWO319739WCT,Elston Flaws,11-02-1938,79712 Victoria Pass,1074546490,10588.71
451,IHPB353154RXY,Gillan Seear,15-07-1993,30 Esker Crossing,6851001991,12270.41
452,JCDK421893VJC,Adelind Heak,11-01-1989,01 Florence Crossing,4098711138,15026.72
453,HJCL504819MBH,Elna Peart,08-01-1939,0957 South Plaza,9573402903,8541.86
454,RYPZ928096QSR,Caressa Mayne,14-10-1930,4 Hazelcrest Place,6505046534,8510.0
455,CRHH145090HOD,Barbe Buttriss,27-12-1925,40811 Westridge Park,9959826869,18495.81
456,IONM307688NBC,Craggie Lutwyche,06-03-1970,01 Walton Drive,1383021413,19726.11
457,ZLVP939078ZEV,Farlee Mertgen,12-04-1959,95262 Ramsey Circle,2348242669,12524.75
458,FUOT739449XLS,Jason Shuttell,19-09-1976,161 Lakewood Road,1572113922,22407.24
459,AKFM455720BDI,Ingaberg Maeer,15-05-2007,17 Di Loreto Junction,4072565758,23590.25
460,NPEW260674SGC,Nikki Greenset,30-07-1960,0250 Burning Wood Circle,3703113791,10152.83
461,XVOZ819263VAZ,Marilyn Plaid,12-04-1992,8981 Sunfield Plaza,7205701934,17447.03
462,LJNP500821NRS,Fleur O'Flaherty,02-04-2006,01 Dexter Lane,9876689021,20872.02
463,UDSR103055LJO,Marcille Di Maria,19-08-1944,740 Riverside Place,1598868587,17212.62
464,KEFX173891GYT,Eleonora Goffe,16-10-1985,462 Miller Alley,8863767537,24312.57
465,MLFB161864IJD,Dotty Crapper,06-08-1943,0 Corscot Road,4499782077,21377.94
466,NVTS182731EJX,Cahra Scroxton,26-02-1985,95 Chive Pass,8028983720,9047.76
467,AZYT910375RUO,Cass Wapplington,10-09-1983,22 Clove Way,3527062944,19750.27
468,GCUI576898HVY,Wood Nosworthy,29-12-1933,83 Fulton Lane,3477019615,18451.82
469,EHHP846893MFO,Almira Brandham,30-04-1967,71665 Monterey Crossing,3311954877,23739.39
470,GNLA464295TDG,Ebba Morgon,19-02-1969,580 Heath Terrace,1348919285,15432.93
471,OYJR285104MGW,Lucas Baldoni,25-07-1941,1400 Karstens Park,7965129282,17028.56
472,GCZN227715ZJA,Rosemonde Sollowaye,26-01-1994,42410 Aberg Street,8838741558,13311.64
473,FXPK512083ACV,Row Duguid,11-08-1927,64 Cascade Drive,7472897823,20349.33
474,AYNN372332THV,Sophie Deboy,29-02-1940,5285 Cambridge Park,7143397176,12235.06
475,QHJO518659CTI,Elie Sumers,09-09-1997,7 Hazelcrest Trail,3037759343,8761.09
476,DPER457540TRJ,Averell Whitrod,13-11-1940,5682 Pawling Alley,9131938234,20579.2
477,TTDI495602TMK,Berni Ricci,15-11-1957,20 Anderson Circle,6223867277,10305.87
478,JRKI324940CTN,Valle Randales,17-12-1948,7 Walton Circle,8017631227,19014.85
479,HLBX862533UWL,Thaddus Glassopp,01-11-1995,80 Anderson Street,7049292730,22713.28
480,KBIQ520072BYP,Kenneth Sheriff,22-06-1999,630 Gerald Terrace,8094763858,22742.81
481,ZKHN849539CXN,Brynna MacRannell,04-09-1969,25 Sage Road,3111524613,17573.58
482,QVWS215355HIF,Leoine Standbridge,25-04-1980,35883 Haas Way,5947711907,12136.31
483,BBOB954161YTL,Noelle Schachter,20-11-1977,3570 Continental Way,9563054647,9359.91
484,WOPE401063PYE,Hetty De Souza,05-03-1978,112 Meadow Vale Parkway,3919290009,20663.54
485,QVKP873695AEJ,Ingrid Leatherborrow,22-06-1934,363 Ridgeview Road,9436494485,20426.61
486,KAIH690523UEG,Lavinie MacGillacolm,11-10-1971,54998 Bunker Hill Drive,1705799626,13106.37
487,TQKI813564TXV,Vanni Belbin,18-07-1997,98413 Haas Point,8027705316,16533.72
488,FMXZ015771VQI,Dorolice Perutto,14-08-1988,4 Thierer Alley,8088697453,20617.19
489,FIXR923362BYL,Ernaline Payler,05-02-1966,58237 Mandrake Circle,8057416101,22160.63
490,STAJ185247UAQ,Nara Kupec,04-06-1976,85345 Bobwhite Drive,8031203022,16900.83
491,HELR185507OZD,Wain Miners,31-08-1982,99027 Laurel Circle,5783730998,11213.01
492,BNFB502168OVR,Wilmette McCanny,13-04-1937,4152 Forest Run Court,1331179097,22822.45
493,AXUH894598CMY,Heidi Rivlin,15-08-1988,09 Delaware Point,4258905340,12766.13
494,TCLV005272VKN,Gunilla Lukesch,21-08-1978,35192 3rd Drive,9421731595,11942.73
495,TMWT319935WNZ,Yoko O'Dowling,03-10-2001,3 Packers Way,7154536057,24165.66
496,XTYT179829CLO,Christoper Chapling,07-08-2000,02482 Thackeray Place,7661833869,21378.07
497,ZMCA869426XTR,Wayne Wykey,09-10-1926,9 Westend Plaza,1421119419,9718.82
498,PBGC374980XAT,Adda Wilse,04-10-1988,699 Tomscot Terrace,9084939396,10487.42
499,QRCB760453VEJ,Harlene Powlesland,26-11-1965,460 Carey Drive,1273544080,12645.98
500,RWEU251800MHN,Chrysa Clohessy,11-09-1933,1 Mcguire Junction,9201228621,8791.22
